id,name,submitted_on,status,target
9beb3631-e04a-44cf-bc93-3b6155c30614,circuit-152,2024-03-01T18:43:24.325Z,ready,qpu.aria-1
a225d0bc-57d0-4e29-819e-0cc97837e6d4,circuit-152,2024-03-01T17:58:36.410Z,ready,qpu.harmony
1e839649-2ecf-470d-a449-c3d0210006b9,circuit-172,2024-03-01T15:59:38.819Z,completed,qpu.aria-1
870c5f5a-9a86-4561-9fc3-3157576fe15e,circuit-170,2024-03-01T12:59:35.406Z,completed,qpu.aria-1
4f430c77-fdc4-475b-a2e7-7a9670522d9c,circuit-168,2024-03-01T12:29:33.646Z,completed,qpu.aria-1
b79523e3-e5b3-4504-bbaa-eb2368911a49,circuit-166,2024-03-01T11:59:24.502Z,completed,qpu.aria-1
54b998c8-e593-4ec9-b716-8d811604186a,circuit-164,2024-03-01T11:29:12.387Z,completed,qpu.aria-1
1535df4c-ec06-4369-b9c6-325f2dbd2932,circuit-162,2024-03-01T10:58:40.169Z,completed,qpu.aria-1
920342db-681f-4592-aa33-47c9fd81114d,QAOA-412,2024-03-01T10:43:01.742Z,completed,qpu.aria-1
8ecabdf8-789d-4693-93f2-8d9cbeff5ff2,QAOA-411,2024-03-01T10:39:59.109Z,completed,qpu.aria-1
075545ae-3ae0-4f43-9ed4-77a9e701da59,QAOA-410,2024-03-01T10:37:17.919Z,completed,qpu.aria-1
0dd14d72-d0e7-4305-ba64-c6a467319664,QAOA-409,2024-03-01T10:29:35.169Z,completed,qpu.aria-1
de0ce048-cd1e-4614-a93d-c59d93d6b475,circuit-160,2024-03-01T10:28:38.610Z,completed,qpu.aria-1
bed2d395-c4a9-49a4-8620-5687d6a712cc,QAOA-408,2024-03-01T10:26:55.013Z,completed,qpu.aria-1
6c92d057-4e85-438c-8693-17190c4a4224,QAOA-407,2024-03-01T10:23:59.001Z,completed,qpu.aria-1
6094822f-c4a7-4aee-a1e1-d4c5e1c36611,QAOA-406,2024-03-01T10:21:19.055Z,completed,qpu.aria-1
a79df5ab-a0b8-408e-8652-738fafac912a,QAOA-405,2024-03-01T10:18:16.269Z,completed,qpu.aria-1
c8a1f36a-3875-4f5d-9ff0-ec13b6ed7464,QAOA-404,2024-03-01T10:15:15.159Z,completed,qpu.aria-1
e47e9b59-7dd8-4f81-9dc9-c3a8e3aed05e,QAOA-403,2024-03-01T10:12:29.460Z,completed,qpu.aria-1
ad77d4e0-813e-486a-b569-537f321576ca,QAOA-402,2024-03-01T10:07:58.520Z,completed,qpu.aria-1
5a696d3c-5a8b-464a-9932-c648eaff8e65,QAOA-401,2024-03-01T10:01:13.298Z,completed,qpu.aria-1
3a68d56a-7bbc-455d-b9b9-4412a27f4c2a,circuit-158,2024-03-01T09:58:37.260Z,completed,qpu.aria-1
9b027730-b1d6-4795-a5a6-ad7e330f98fd,QAOA-400,2024-03-01T09:58:22.616Z,completed,qpu.aria-1
7e3f02b6-f77e-4dc2-acb2-75aca2af01c8,QAOA-399,2024-03-01T09:55:42.999Z,completed,qpu.aria-1
2e63fe77-154b-4c98-bb94-94f38924df0b,QAOA-398,2024-03-01T09:49:42.352Z,completed,qpu.aria-1
bf5919ef-a88e-4079-bcc7-9de02d74bf3f,QAOA-397,2024-03-01T09:47:01.767Z,completed,qpu.aria-1
8fad07dc-6a9e-4804-9701-b040b4b1647b,QAOA-396,2024-03-01T09:44:11.107Z,completed,qpu.aria-1
73405fd8-0077-4c41-a2d1-c5106f96a3eb,QAOA-395,2024-03-01T09:41:25.710Z,completed,qpu.aria-1
f4dd91df-5df2-4011-b8b3-689d4b6b96c3,QAOA-394,2024-03-01T09:38:41.302Z,completed,qpu.aria-1
3f00982b-c2fe-44b3-9159-932d5bd446a4,QAOA-393,2024-03-01T09:35:45.326Z,completed,qpu.aria-1
55dfc3b1-baa6-48b7-9eb9-b4ff14ff33e2,QAOA-392,2024-03-01T09:29:13.533Z,completed,qpu.aria-1
48a5be87-cfdc-4755-9ad8-d59722d6dc46,circuit-156,2024-03-01T09:28:35.645Z,completed,qpu.aria-1
e8829697-9015-4fa8-b900-b5095de24f55,QAOA-391,2024-03-01T09:26:33.741Z,completed,qpu.aria-1
f1cceb50-f84e-49dd-8dbe-84bcd6b346ef,QAOA-390,2024-03-01T09:23:53.431Z,completed,qpu.aria-1
c78aeec7-f2fd-4f22-a19a-7b767de32ef5,QAOA-389,2024-03-01T09:21:11.647Z,completed,qpu.aria-1
bfcb8495-79e4-4bab-819e-d070ed3618b3,QAOA-388,2024-03-01T09:18:29.889Z,completed,qpu.aria-1
820ea574-1a7a-4071-bb88-4e4cbc20b7a1,QAOA-387,2024-03-01T09:15:28.574Z,completed,qpu.aria-1
559d8e22-54a3-4625-9398-3f9f20e7f85b,QAOA-386,2024-03-01T09:12:47.641Z,completed,qpu.aria-1
8f7cb761-c42b-4e0f-9c98-e51ef5264521,QAOA-385,2024-03-01T09:07:02.719Z,completed,qpu.aria-1
4c2bae7a-5667-49fb-b17b-df7758f8d5b2,QAOA-384,2024-03-01T09:01:15.673Z,completed,qpu.aria-1
09f87e16-64bd-4691-863e-a76d0c700646,circuit-154,2024-03-01T04:27:31.166Z,completed,qpu.aria-1
c661f1d8-0a19-4a76-8442-ef5d8b244c09,QAOA-383,2024-02-25T18:12:34.398Z,completed,qpu.aria-1
e9657187-18d8-4fd7-97e5-4cb9caaad71b,QAOA-417,2024-02-25T18:05:12.851Z,completed,simulator
e5e3e1eb-e3b6-472c-9b25-08a017104c2b,QAOA-416,2024-02-25T18:05:01.196Z,completed,simulator
6a6ed474-53bb-4ea4-8c3a-2bdccd1bdfc9,QAOA-415,2024-02-25T18:04:49.514Z,completed,simulator
47fcb410-739c-4c67-81e3-f6e6c56a713f,QAOA-414,2024-02-25T18:04:37.924Z,completed,simulator
c5fc6649-b43a-4552-a73d-5630d00e7057,QAOA-413,2024-02-25T18:04:26.298Z,completed,simulator
63ca8b95-181a-4818-bd68-49e04bdaf847,QAOA-412,2024-02-25T18:04:14.764Z,completed,simulator
bc4bd063-745a-42bd-8870-e3024633f793,QAOA-411,2024-02-25T18:04:02.878Z,completed,simulator
dea6cad6-5645-4e84-9246-ae9af0b0fd26,QAOA-410,2024-02-25T18:03:51.273Z,completed,simulator
7adcb11c-a2fb-4e36-a355-74f018dc40a9,QAOA-409,2024-02-25T18:03:39.643Z,completed,simulator
3add9cd4-b962-4e01-89a9-6ec17fbaeea6,QAOA-408,2024-02-25T18:03:27.945Z,completed,simulator
47efaf55-65d5-4ba3-8456-fc684eed807e,QAOA-407,2024-02-25T18:03:16.340Z,completed,simulator
341a5019-f774-4ffe-85a6-d4b7ae72f164,QAOA-406,2024-02-25T18:03:04.717Z,completed,simulator
fc873e6d-2383-4520-8ff2-b3430198a7b2,QAOA-405,2024-02-25T18:02:52.488Z,completed,simulator
84538cce-ef8e-43da-8cec-0c4e38dda01a,QAOA-404,2024-02-25T18:02:40.761Z,completed,simulator
1cc4db13-8f2c-4273-8939-06b2a396f638,QAOA-403,2024-02-25T18:02:29.174Z,completed,simulator
c7f8eaf2-25f6-4c92-9ba0-bae3d5fc5366,QAOA-402,2024-02-25T18:02:17.448Z,completed,simulator
09728956-6222-4905-a3d0-6b4c26670ab8,QAOA-401,2024-02-25T18:02:05.666Z,completed,simulator
aa2a2459-f91a-4b2a-9839-af35aaab364e,QAOA-400,2024-02-25T18:01:53.617Z,completed,simulator
d7373851-bdd6-45c2-8acc-05c9a1784127,QAOA-399,2024-02-25T18:01:41.930Z,completed,simulator
402c6653-58ed-467b-adb1-6217df076481,QAOA-398,2024-02-25T18:01:30.297Z,completed,simulator
00d49797-3061-4a89-9ed2-f4f765c06cf9,QAOA-397,2024-02-25T18:01:18.624Z,completed,simulator
9dbaeb15-c13c-4ab4-a641-0460db9296c0,QAOA-396,2024-02-25T18:01:06.818Z,completed,simulator
3e4240d3-e895-4a22-a97d-c9a5436078d0,QAOA-395,2024-02-25T18:00:55.276Z,completed,simulator
3830163d-9ef0-4efe-a14d-b47c796f17bc,QAOA-394,2024-02-25T18:00:42.752Z,completed,simulator
00f30467-2bee-497b-b97a-2321c4f387d4,QAOA-393,2024-02-25T18:00:31.215Z,completed,simulator
347b2c4f-6a61-45fc-a31e-d00161db372f,QAOA-392,2024-02-25T18:00:18.842Z,completed,simulator
21204f23-50a1-4e36-bf4d-1b35e57a81fa,QAOA-391,2024-02-25T18:00:07.193Z,completed,simulator
71754818-bc3a-479b-aad7-ca2983255efb,QAOA-390,2024-02-25T17:59:55.606Z,completed,simulator
bdc19335-1c7e-477e-9ae2-46ce0e0136c2,QAOA-389,2024-02-25T17:59:43.626Z,completed,simulator
4fc6acc2-7d3b-4974-8e02-e438ce030b14,QAOA-388,2024-02-25T17:59:31.913Z,completed,simulator
44e17693-ce25-4802-8ce2-3f1ef4af31d5,QAOA-387,2024-02-25T17:59:20.257Z,completed,simulator
cb186312-20a3-4793-872e-f54e297ad6d9,QAOA-386,2024-02-25T17:59:08.424Z,completed,simulator
40b34ddf-7df9-4afd-b332-996ed586643f,QAOA-385,2024-02-25T17:58:56.766Z,completed,simulator
51c4f090-4134-44f9-9f21-9616c3ff5348,QAOA-384,2024-02-25T17:58:45.042Z,completed,simulator
d8bac497-ed3e-48a9-9deb-0a1b8be38bb5,QAOA-383,2024-02-25T17:58:32.600Z,completed,simulator
2e08d931-e7d1-44e5-95aa-f1be4a7ecbc5,circuit-152,2024-02-23T15:05:50.326Z,completed,qpu.aria-1
f3ca6ffb-59c6-486d-9444-f94363efd4df,circuit-152,2024-02-23T15:05:22.307Z,completed,qpu.aria-1
611c6a80-c47f-4b33-9443-5b0f7b7a452c,circuit-152,2024-02-23T15:05:03.167Z,completed,qpu.aria-1
7eb6ce49-be04-47dd-a250-ed4487603207,circuit-152,2024-02-23T15:04:40.405Z,completed,qpu.aria-1
1c523452-8da5-4e93-9b95-8ebd4e3a06b4,circuit-152,2024-02-23T15:04:14.486Z,completed,qpu.aria-1
66629566-357c-4e2b-880d-c3148929c7b0,circuit-152,2024-02-23T15:03:14.569Z,completed,qpu.aria-1
f7981fa3-1c55-480d-b763-1e7000791568,circuit-152,2024-02-23T15:02:47.196Z,completed,qpu.aria-1
41ae4b8e-78b5-4b09-88e7-66a39e6bb876,circuit-152,2024-02-23T15:02:23.121Z,completed,qpu.aria-1
e24e81b7-7e30-41df-8f7c-c80018512096,circuit-152,2024-02-23T15:01:40.344Z,completed,qpu.aria-1
dd3251bf-368b-4617-b9dd-8e5446f31bda,circuit-152,2024-02-23T15:01:07.533Z,completed,qpu.aria-1
e144bcd4-8d25-43cf-a7f0-71787123a568,circuit-152,2024-02-14T22:46:43.197Z,completed,qpu.aria-1
b1d14a1e-807b-4f2c-99e9-2d8e004b635e,circuit-152,2024-02-14T22:44:36.806Z,ready,qpu.harmony
ffd8b04d-13ed-4760-a633-68ea27a3395d,circuit-152,2024-01-31T14:40:13.262Z,ready,qpu.harmony